# Generated by scripts/catalog/generate.mjs from topics/catalog.yaml. Do not edit; run `npm run catalog:generate`.
# Read by scripts/kafka/create-topics.sh. Columns (tab separated):
# topic	kind	partitions	replication_factor	min_insync_replicas	cleanup_policy	retention_ms	max_message_bytes
evt.ln.loan.v1	event	3	3	2	delete	604800000	1048576
evt.ln.loan.dlq.v1	dlq	3	3	2	delete	1209600000	1048576
evt.pay.payment.v1	event	3	3	2	delete	604800000	1048576
evt.pay.rtp.v1	event	3	3	2	delete	604800000	1048576
evt.pay.bulk.v1	event	3	3	2	delete	604800000	1048576
evt.pay.mandate.v1	event	3	3	2	delete	604800000	1048576
evt.cus.customer.v1	event	3	3	2	delete	604800000	1048576
evt.rsk.risk.v1	event	3	3	2	delete	604800000	1048576
evt.cmp.compliance.v1	event	3	3	2	delete	604800000	1048576
evt.of.consent.v1	event	6	3	2	delete	7776000000	1048576
evt.of.payee.v1	event	6	3	2	delete	604800000	1048576
evt.of.account.dlq.v1	dlq	3	3	2	delete	1209600000	1048576
evt.of.corporate.dlq.v1	dlq	3	3	2	delete	1209600000	1048576
evt.of.metadata.dlq.v1	dlq	3	3	2	delete	1209600000	1048576
